id,name,email,password
1,John Doe,john@example.com,pass123
2,Sarah Miller,sarah@example.com,pass456
3,Mike Ross,mike@example.com,pass789
4,Emily Clark,emily.clark@example.com,pass101
5,David Johnson,david.johnson@example.com,pass102
6,Alice Brown,alice.brown@example.com,pass103
7,James Wilson,james.wilson@example.com,pass104
8,Olivia Lee,olivia.lee@example.com,pass105
9,Daniel King,daniel.king@example.com,pass106
10,Sophia Adams,sophia.adams@example.com,pass107
11,Matthew Scott,matthew.scott@example.com,pass108
12,Isabella Turner,isabella.turner@example.com,pass109
13,Joshua Parker,joshua.parker@example.com,pass110
14,Mia Campbell,mia.campbell@example.com,pass111
15,Andrew Evans,andrew.evans@example.com,pass112
16,Charlotte Mitchell,charlotte.mitchell@example.com,pass113
17,Brandon Hill,brandon.hill@example.com,pass114
18,Abigail Carter,abigail.carter@example.com,pass115
19,Nicholas Rivera,nicholas.rivera@example.com,pass116
20,Elizabeth Torres,elizabeth.torres@example.com,pass117
21,Joseph Flores,joseph.flores@example.com,pass118
22,Avery Ramirez,avery.ramirez@example.com,pass119
23,Christian Sanchez,christian.sanchez@example.com,pass120
24,Sofia Morris,sofia.morris@example.com,pass121
25,Ethan Rogers,ethan.rogers@example.com,pass122
26,Lily Reed,lily.reed@example.com,pass123
27,Alexander Cook,alexander.cook@example.com,pass124
28,Grace Morgan,grace.morgan@example.com,pass125
29,Samuel Bell,samuel.bell@example.com,pass126
30,Hannah Murphy,hannah.murphy@example.com,pass127
31,Tyler Bailey,tyler.bailey@example.com,pass128
32,Victoria Rivera,victoria.rivera@example.com,pass129
33,Connor Cooper,connor.cooper@example.com,pass130
34,Chloe Richardson,chloe.richardson@example.com,pass131
35,Logan Cox,logan.cox@example.com,pass132
36,Ella Howard,ella.howard@example.com,pass133
37,Nathan Ward,nathan.ward@example.com,pass134
38,Lillian Torres,lillian.torres@example.com,pass135
39,Caleb Peterson,caleb.peterson@example.com,pass136
40,Aria Gray,aria.gray@example.com,pass137
41,Jack James,jack.james@example.com,pass138
42,Hannah Watson,hannah.watson@example.com,pass139
43,Luke Brooks,luke.brooks@example.com,pass140
44,Scarlett Kelly,scarlett.kelly@example.com,pass141
45,Oliver Sanders,oliver.sanders@example.com,pass142
46,Zoey Price,zoey.price@example.com,pass143
47,Henry Bennett,henry.bennett@example.com,pass144
48,Nora Wood,nora.wood@example.com,pass145
49,Liam Barnes,liam.barnes@example.com,pass146
50,Samantha Ross,samantha.ross@example.com,pass147
51,Mason Henderson,mason.henderson@example.com,pass148
52,Evelyn Coleman,evelyn.coleman@example.com,pass149
53,Jackson Jenkins,jackson.jenkins@example.com,pass150
54,Abigail Perry,abigail.perry@example.com,pass151
55,Alexander Powell,alexander.powell@example.com,pass152
56,Emily Long,emily.long@example.com,pass153
57,Daniel Patterson,daniel.patterson@example.com,pass154
58,Scarlett Hughes,scarlett.hughes@example.com,pass155
59,Matthew Foster,matthew.foster@example.com,pass156
60,Victoria Simmons,victoria.simmons@example.com,pass157
61,Joshua Russell,joshua.russell@example.com,pass158
62,Sophia Bryant,sophia.bryant@example.com,pass159
63,Andrew Alexander,andrew.alexander@example.com,pass160
64,Olivia Griffin,olivia.griffin@example.com,pass161
65,David Diaz,david.diaz@example.com,pass162
66,Emma Hayes,emma.hayes@example.com,pass163
67,Joseph Myers,joseph.myers@example.com,pass164
68,Avery Ford,avery.ford@example.com,pass165
69,Christopher Hamilton,christopher.hamilton@example.com,pass166
70,Madison Graham,madison.graham@example.com,pass167
71,Anthony Sullivan,anthony.sullivan@example.com,pass168
72,Chloe Wallace,chloe.wallace@example.com,pass169
73,William West,william.west@example.com,pass170
74,Isabella Cole,isabella.cole@example.com,pass171
75,James Bryant,james.bryant@example.com,pass172
76,Ella Wallace,ella.wallace@example.com,pass173
77,Logan Fox,logan.fox@example.com,pass174
78,Grace Porter,grace.porter@example.com,pass175
79,Caleb Brooks,caleb.brooks@example.com,pass176
80,Lily Stewart,lily.stewart@example.com,pass177
81,Jack Patterson,jack.patterson@example.com,pass178
82,Hannah Coleman,hannah.coleman@example.com,pass179
83,Luke Rogers,luke.rogers@example.com,pass180
84,Scarlett Reed,scarlett.reed@example.com,pass181
85,Oliver Ross,oliver.ross@example.com,pass182
86,Zoey Griffin,zoey.griffin@example.com,pass183
87,Henry Jenkins,henry.jenkins@example.com,pass184
88,Nora Kelly,nora.kelly@example.com,pass185
89,Liam Bennett,liam.bennett@example.com,pass186
90,Samantha Foster,samantha.foster@example.com,pass187
91,Mason Hayes,mason.hayes@example.com,pass188
92,Evelyn Sanders,evelyn.sanders@example.com,pass189
93,Jackson Price,jackson.price@example.com,pass190
94,Abigail Howard,abigail.howard@example.com,pass191
95,Alexander Hughes,alexander.hughes@example.com,pass192
96,Emily Peterson,emily.peterson@example.com,pass193
97,Daniel Gray,daniel.gray@example.com,pass194
98,Scarlett James,scarlett.james@example.com,pass195
99,Matthew Barnes,matthew.barnes@example.com,pass196
100,Victoria Ross,victoria.ross@example.com,pass197
101,Joshua Bennett,joshua.bennett@example.com,pass198
102,Sophia Foster,sophia.foster@example.com,pass199
103,Andrew Hayes,andrew.hayes@example.com,pass200
104,Olivia Sanders,olivia.sanders@example.com,pass201
105,David Griffin,david.griffin@example.com,pass202
